Date,AAPL,AMZN,TSLA
2020-01-01,300.99,2000.76,701.37
2020-01-02,300.72,2003.34,705.07
2020-01-03,302.01,2004.69,704.72
2020-01-06,305.06,2004.41,706.05
2020-01-07,304.59,2001.96,706.25
2020-01-08,304.12,2001.54,708.84
2020-01-09,307.28,1999.84,707.4
2020-01-10,308.82,1998.68,708.89
2020-01-13,307.88,1999.86,708.51
2020-01-14,308.96,2003.2,708.38
2020-01-15,308.03,2003.99,708.56
2020-01-16,307.1,2001.6,709.06
2020-01-17,307.59,2002.49,708.83
2020-01-20,303.76,2004.88,709.26
2020-01-21,300.31,2003.66,712.42
2020-01-22,299.19,2003.39,714.39
2020-01-23,297.16,2003.42,716.13
2020-01-24,297.79,2001.85,715.22
2020-01-27,295.97,2003.15,713.44
2020-01-28,293.15,2002.91,715.35
2020-01-29,296.08,2003.75,717.1
2020-01-30,295.63,2001.97,720.05
2020-01-31,295.76,2001.1,718.84
2020-02-03,292.91,2002.54,718.38
2020-02-04,291.82,2001.79,715.1
2020-02-05,292.05,2005.25,714.31
2020-02-06,289.74,2004.45,716.31
2020-02-07,290.5,2004.9,715.37
2020-02-10,289.29,2006.76,716.66
2020-02-11,288.71,2003.93,716.27
2020-02-12,287.51,2000.41,716.92
2020-02-13,291.21,1997.35,714.63
2020-02-14,291.19,1999.88,714.8
2020-02-17,289.07,1998.78,708.82
2020-02-18,290.72,2003.89,708.44
2020-02-19,288.27,2002.76,705.18
2020-02-20,288.69,2003.13,707.59
2020-02-21,284.77,2006.22,709.15
2020-02-24,282.12,2010.23,710.08
2020-02-25,282.51,2014.35,713.12
2020-02-26,283.99,2016.77,711.23
2020-02-27,284.33,2018.82,714.72
2020-02-28,284.1,2020.0,716.58
2020-03-02,283.5,2021.56,716.11
2020-03-03,280.54,2020.46,718.38
2020-03-04,279.1,2018.82,716.17
2020-03-05,278.18,2018.81,714.52
2020-03-06,280.29,2018.47,713.3
2020-03-09,280.98,2017.57,712.25
2020-03-10,277.45,2018.96,710.13
2020-03-11,278.1,2020.87,712.58
2020-03-12,277.33,2021.05,712.06
2020-03-13,275.98,2024.0,712.77
2020-03-16,277.2,2021.72,711.63
2020-03-17,279.26,2021.33,707.98
2020-03-18,281.12,2019.9,708.52
2020-03-19,279.45,2016.16,704.7
2020-03-20,278.83,2016.0,704.56
2020-03-23,279.49,2015.76,701.83
2020-03-24,281.44,2018.78,705.8
2020-03-25,280.48,2020.04,707.62
2020-03-26,280.11,2018.0,707.83
2020-03-27,277.9,2021.7,710.36
2020-03-30,275.51,2024.15,708.67
2020-03-31,277.13,2025.31,709.76
2020-04-01,279.84,2024.86,710.16
2020-04-02,279.7,2022.94,710.68
2020-04-03,281.71,2022.19,713.23
2020-04-06,282.43,2024.37,714.69
2020-04-07,281.14,2028.14,715.27
2020-04-08,281.86,2031.23,711.96
2020-04-09,284.94,2030.25,710.04
2020-04-10,284.87,2028.01,709.8
2020-04-13,288.0,2028.29,709.98
2020-04-14,282.76,2024.75,707.72
2020-04-15,284.4,2025.4,712.55
2020-04-16,284.58,2025.11,715.58
2020-04-17,283.98,2024.17,716.78
2020-04-20,284.16,2020.98,716.93
2020-04-21,280.19,2022.01,716.5
2020-04-22,279.75,2020.95,714.6
2020-04-23,280.46,2018.61,714.75
2020-04-24,283.42,2012.86,715.27
2020-04-27,282.38,2012.81,712.79
2020-04-28,280.76,2016.35,713.45
2020-04-29,279.76,2019.67,713.14
2020-04-30,281.59,2018.76,709.33
2020-05-01,282.25,2017.56,707.61
2020-05-04,281.19,2018.49,706.78
2020-05-05,282.21,2016.5,710.56
2020-05-06,282.41,2017.1,711.67
2020-05-07,284.35,2018.63,709.0
2020-05-08,282.94,2021.09,709.97
2020-05-11,282.29,2020.89,706.87
2020-05-12,281.5,2020.48,709.04
2020-05-13,278.58,2018.72,708.1
2020-05-14,279.17,2017.07,707.91
2020-05-15,279.69,2016.62,710.56
2020-05-18,279.7,2017.35,707.99
2020-05-19,279.23,2019.18,705.19
2020-05-20,276.4,2017.57,704.03
2020-05-21,275.56,2020.56,706.1
2020-05-22,274.87,2020.01,703.06
2020-05-25,273.27,2019.97,697.4
2020-05-26,272.95,2018.48,696.5
2020-05-27,273.75,2013.63,697.6
2020-05-28,277.53,2015.4,700.0
2020-05-29,277.88,2016.87,699.08
2020-06-01,278.39,2016.31,698.25
2020-06-02,278.24,2016.44,700.56
2020-06-03,274.4,2017.47,696.82
2020-06-04,274.35,2014.35,696.04
2020-06-05,274.47,2013.29,696.42
2020-06-08,279.4,2014.88,697.32
2020-06-09,279.01,2012.37,696.3
2020-06-10,279.62,2012.96,696.37
2020-06-11,279.55,2010.24,691.4
2020-06-12,277.21,2011.18,690.08
2020-06-15,279.5,2011.11,690.99
2020-06-16,281.0,2007.88,689.02
2020-06-17,282.58,2010.2,689.14
2020-06-18,280.76,2008.74,690.03
2020-06-19,283.57,2007.11,689.35
2020-06-22,280.76,2007.52,689.69
2020-06-23,281.94,2009.81,687.76
2020-06-24,286.32,2007.78,687.35
2020-06-25,284.34,2007.91,688.57
2020-06-26,283.21,2008.76,688.89
2020-06-29,283.4,2010.15,687.71
2020-06-30,282.4,2010.5,688.16
2020-07-01,279.3,2009.77,689.59
2020-07-02,279.43,2008.11,685.49
2020-07-03,277.31,2008.28,687.81
2020-07-06,278.26,2006.14,687.14
2020-07-07,276.42,2000.3,687.99
2020-07-08,279.52,2001.17,690.38
2020-07-09,277.95,2002.98,687.64
2020-07-10,277.31,1998.25,686.22
2020-07-13,278.93,1996.23,685.64
2020-07-14,276.47,1997.47,684.07
2020-07-15,276.93,2001.59,687.54
2020-07-16,279.54,2001.63,685.83
2020-07-17,276.33,2000.17,684.72
2020-07-20,276.7,1999.81,685.13
2020-07-21,277.22,2002.56,682.72
2020-07-22,278.78,2001.26,681.93
2020-07-23,276.31,1999.67,682.57
2020-07-24,273.66,1998.7,681.9
2020-07-27,274.71,1996.79,681.71
2020-07-28,275.3,1997.04,680.66
2020-07-29,275.8,2000.29,677.63
2020-07-30,276.5,2000.93,678.27
2020-07-31,275.14,2000.43,681.78
2020-08-03,275.6,1999.85,681.82
2020-08-04,276.19,1996.72,682.27
2020-08-05,274.76,1998.49,683.65
2020-08-06,278.49,1998.33,681.11
2020-08-07,279.44,1997.97,684.52
2020-08-10,277.05,2004.36,684.92
2020-08-11,278.37,2004.95,688.19
2020-08-12,276.42,2003.45,686.72
2020-08-13,277.99,2002.6,690.36
2020-08-14,280.31,2004.89,691.91
2020-08-17,278.67,2005.12,693.01
2020-08-18,280.59,2002.24,693.48
2020-08-19,281.42,2004.08,692.99
2020-08-20,283.06,2002.75,695.39
2020-08-21,286.86,2006.49,695.67
2020-08-24,286.37,2008.65,691.73
2020-08-25,284.86,2007.76,689.5
2020-08-26,283.08,2010.32,689.13
2020-08-27,281.45,2010.46,689.75
2020-08-28,281.29,2012.16,689.63
2020-08-31,281.98,2013.13,692.07
2020-09-01,282.53,2011.44,688.17
2020-09-02,284.19,2010.15,688.46
2020-09-03,284.21,2012.21,684.82
2020-09-04,287.12,2011.54,686.34
2020-09-07,286.59,2010.73,686.15
2020-09-08,292.03,2008.82,686.99
2020-09-09,293.28,2009.67,685.26
2020-09-10,291.57,2013.8,687.82
2020-09-11,289.42,2011.66,689.9
2020-09-14,290.39,2011.71,691.07
2020-09-15,289.94,2014.53,690.81
2020-09-16,291.37,2014.37,691.97
2020-09-17,292.32,2015.28,690.56
2020-09-18,292.17,2013.15,692.27
2020-09-21,290.48,2014.01,695.57
2020-09-22,287.45,2013.64,697.71
2020-09-23,286.55,2015.61,696.25
2020-09-24,288.27,2017.98,696.97
2020-09-25,288.7,2023.16,694.39
2020-09-28,286.2,2024.32,695.53
2020-09-29,286.55,2024.97,696.43
2020-09-30,287.32,2025.36,692.69
2020-10-01,285.55,2024.66,690.37
2020-10-02,285.86,2025.33,689.8
2020-10-05,285.98,2024.74,689.2
2020-10-06,283.69,2025.08,686.78
2020-10-07,284.41,2027.71,687.56
2020-10-08,285.53,2025.7,688.06
2020-10-09,287.69,2027.98,687.68
2020-10-12,289.8,2030.61,686.16
2020-10-13,287.05,2030.38,688.26
2020-10-14,285.17,2026.13,691.57
2020-10-15,286.2,2024.92,690.61
2020-10-16,287.23,2027.51,689.38
2020-10-19,288.26,2027.47,690.36
2020-10-20,295.96,2025.47,689.65
2020-10-21,297.11,2024.46,689.37
2020-10-22,299.38,2026.14,690.85
2020-10-23,301.29,2027.23,687.03
2020-10-26,302.59,2026.76,689.67
2020-10-27,301.96,2026.02,689.81
2020-10-28,303.48,2025.24,688.99
2020-10-29,301.93,2023.39,688.81
2020-10-30,301.46,2026.63,688.73
2020-11-02,300.49,2025.98,685.27
2020-11-03,300.65,2028.41,688.26
2020-11-04,305.28,2031.46,688.34
2020-11-05,301.54,2033.45,689.23
2020-11-06,302.92,2032.59,691.13
2020-11-09,299.69,2033.4,689.09
2020-11-10,298.75,2033.35,690.04
2020-11-11,300.93,2031.54,689.5
2020-11-12,301.05,2032.19,691.2
2020-11-13,298.9,2029.83,686.94
2020-11-16,297.47,2032.21,686.74
2020-11-17,298.83,2031.28,685.54
2020-11-18,297.37,2031.68,686.4
2020-11-19,297.8,2032.25,687.34
2020-11-20,297.89,2031.73,685.93
2020-11-23,296.59,2032.9,684.5
2020-11-24,300.88,2031.95,684.28
2020-11-25,302.14,2033.7,682.49
2020-11-26,298.09,2031.0,684.17
2020-11-27,298.47,2031.26,683.43
2020-11-30,297.14,2035.14,677.62
2020-12-01,298.85,2033.13,676.87
2020-12-02,297.26,2031.78,674.79
2020-12-03,297.03,2032.81,671.53
2020-12-04,298.04,2033.17,669.06
2020-12-07,299.77,2033.87,669.27
2020-12-08,297.37,2034.85,671.93
2020-12-09,296.7,2036.12,672.56
2020-12-10,295.75,2038.33,671.35
2020-12-11,294.45,2039.15,672.26
2020-12-14,297.98,2038.67,671.34
2020-12-15,298.79,2040.02,669.95
2020-12-16,296.27,2043.82,667.64
2020-12-17,298.1,2043.55,664.14
2020-12-18,302.35,2041.6,663.36
2020-12-21,304.41,2043.82,663.67
2020-12-22,301.37,2043.58,663.48
2020-12-23,300.4,2039.23,662.65
2020-12-24,302.94,2040.93,660.76
2020-12-25,301.52,2039.85,661.97
2020-12-28,302.41,2039.67,659.34
2020-12-29,303.96,2040.34,660.89
2020-12-30,302.11,2040.72,658.89
2020-12-31,301.99,2042.14,657.38
2021-01-01,295.5,2041.27,654.45
2021-01-04,293.46,2042.29,653.45
2021-01-05,292.95,2041.77,655.4
2021-01-06,290.46,2043.25,656.43
2021-01-07,293.72,2044.48,658.38
2021-01-08,290.86,2042.61,659.43
2021-01-11,289.98,2044.78,657.22
2021-01-12,290.24,2043.71,656.56
2021-01-13,293.12,2045.33,655.0
2021-01-14,290.25,2046.06,657.66
2021-01-15,292.58,2049.74,655.27
2021-01-18,292.6,2049.29,657.05
2021-01-19,290.64,2048.59,658.84
2021-01-20,291.56,2048.55,662.5
2021-01-21,291.96,2047.95,661.68
2021-01-22,290.76,2049.55,663.1
2021-01-25,290.9,2046.31,667.67
2021-01-26,290.13,2044.21,666.43
2021-01-27,290.35,2042.07,663.36
2021-01-28,291.68,2043.97,659.6
2021-01-29,294.85,2047.39,661.03
2021-02-01,292.37,2047.18,657.26
2021-02-02,296.64,2046.85,656.52
2021-02-03,292.74,2046.99,657.39
2021-02-04,292.43,2049.31,657.76
2021-02-05,293.61,2047.46,658.61
2021-02-08,294.17,2047.93,659.06
2021-02-09,292.93,2049.88,661.62
2021-02-10,292.51,2050.89,659.71
2021-02-11,291.52,2051.26,658.36
2021-02-12,290.34,2053.27,656.81
2021-02-15,292.04,2047.86,658.47
2021-02-16,292.76,2049.22,660.27
2021-02-17,291.37,2047.91,661.18
2021-02-18,293.17,2044.25,663.54
2021-02-19,293.79,2045.27,661.19
2021-02-22,295.41,2048.02,664.52
2021-02-23,296.67,2047.74,667.57
2021-02-24,295.01,2049.65,669.04
2021-02-25,293.89,2052.87,672.6
2021-02-26,295.39,2055.5,669.29
2021-03-01,296.61,2058.78,668.24
2021-03-02,296.57,2060.27,666.77
2021-03-03,296.8,2060.42,668.21
2021-03-04,299.36,2057.21,666.11
2021-03-05,298.17,2056.72,667.63
2021-03-08,299.27,2055.03,670.37
2021-03-09,298.86,2059.38,671.76
2021-03-10,298.43,2059.02,672.33
2021-03-11,300.62,2059.27,670.35
2021-03-12,302.28,2060.37,668.66
2021-03-15,303.9,2060.46,671.16
2021-03-16,306.51,2063.85,672.71
2021-03-17,306.56,2062.61,672.64
2021-03-18,307.92,2062.99,671.8
2021-03-19,307.3,2061.51,667.75
2021-03-22,307.95,2058.87,665.61
2021-03-23,307.69,2057.65,669.43
2021-03-24,307.88,2057.57,666.87
2021-03-25,309.07,2056.71,667.25
2021-03-26,307.43,2055.33,669.26
2021-03-29,311.62,2052.52,666.75
2021-03-30,309.61,2052.35,667.12
2021-03-31,307.18,2049.34,669.0
2021-04-01,309.5,2050.86,669.02
2021-04-02,311.08,2051.03,674.76
2021-04-05,312.33,2048.11,671.42
2021-04-06,313.58,2047.49,673.54
2021-04-07,313.56,2045.99,673.19
2021-04-08,311.76,2046.63,674.74
2021-04-09,311.92,2049.31,675.62
2021-04-12,310.56,2045.56,674.15
2021-04-13,312.51,2045.79,674.61
2021-04-14,312.22,2045.47,670.9
2021-04-15,310.57,2046.81,672.1
2021-04-16,309.92,2047.24,672.7
2021-04-19,310.75,2045.73,673.98
2021-04-20,309.62,2045.09,676.09
2021-04-21,307.98,2043.5,676.83
2021-04-22,308.47,2045.65,677.12
2021-04-23,308.96,2045.7,675.36
2021-04-26,307.94,2049.5,673.94
2021-04-27,307.0,2049.38,676.31
2021-04-28,307.46,2047.96,679.18
2021-04-29,304.57,2044.93,678.71
2021-04-30,301.75,2041.33,678.8
2021-05-03,300.32,2038.16,676.99
2021-05-04,299.89,2038.69,679.34
2021-05-05,300.51,2039.71,680.67
2021-05-06,303.46,2036.55,684.55
2021-05-07,305.18,2038.34,682.79
2021-05-10,304.86,2037.37,682.04
2021-05-11,304.82,2037.66,682.5
2021-05-12,302.81,2040.89,683.79
2021-05-13,302.78,2042.68,683.36
2021-05-14,302.2,2042.15,681.62
2021-05-17,302.84,2040.36,683.38
2021-05-18,301.19,2036.06,684.82
2021-05-19,302.23,2034.62,682.99
2021-05-20,305.29,2034.2,685.7
2021-05-21,305.08,2032.22,688.04
2021-05-24,305.88,2031.96,688.31
2021-05-25,307.26,2032.12,688.47
2021-05-26,306.46,2031.67,689.58
2021-05-27,306.91,2030.37,687.85
2021-05-28,306.93,2030.7,687.91
2021-05-31,307.13,2031.59,683.61
2021-06-01,305.58,2029.41,685.36
2021-06-02,305.63,2032.23,682.24
2021-06-03,306.63,2032.03,685.24
2021-06-04,309.53,2032.07,684.58
2021-06-07,311.45,2033.49,684.16
2021-06-08,315.75,2033.95,682.9
2021-06-09,314.22,2035.86,682.33
2021-06-10,315.96,2036.43,685.17
2021-06-11,316.33,2035.21,680.19
2021-06-14,320.71,2035.93,682.74
2021-06-15,319.09,2033.64,683.42
2021-06-16,317.41,2033.86,681.01
2021-06-17,316.21,2033.79,678.86
2021-06-18,311.97,2033.38,682.21
2021-06-21,310.92,2033.12,680.32
2021-06-22,309.4,2029.36,678.01
2021-06-23,309.7,2028.26,680.29
2021-06-24,310.38,2028.45,680.96
2021-06-25,314.13,2028.76,679.09
2021-06-28,316.03,2026.71,679.52
2021-06-29,314.88,2029.24,677.47
2021-06-30,313.08,2027.51,679.67
2021-07-01,314.07,2029.45,681.79
2021-07-02,311.43,2030.3,682.86
2021-07-05,315.09,2029.01,683.58
2021-07-06,317.45,2032.56,687.1
2021-07-07,316.51,2030.17,687.1
2021-07-08,313.08,2032.01,684.74
2021-07-09,315.79,2034.01,685.64
2021-07-12,315.56,2032.67,689.81
2021-07-13,318.04,2035.46,687.78
2021-07-14,314.85,2034.96,687.06
2021-07-15,313.65,2035.53,687.89
2021-07-16,313.66,2036.05,687.78
2021-07-19,313.76,2035.79,685.82
2021-07-20,312.86,2037.41,688.06
2021-07-21,314.1,2038.99,692.7
2021-07-22,311.97,2035.5,693.09
2021-07-23,311.68,2038.11,691.29
2021-07-26,311.92,2034.78,688.19
2021-07-27,312.95,2036.85,688.7
2021-07-28,314.37,2039.1,690.91
2021-07-29,312.12,2036.92,691.86
2021-07-30,309.06,2036.1,691.86
2021-08-02,311.61,2033.88,690.68
2021-08-03,312.28,2033.45,688.49
2021-08-04,310.78,2032.84,690.16
2021-08-05,313.88,2034.4,691.99
2021-08-06,314.11,2037.02,688.9
2021-08-09,316.47,2039.81,692.08
2021-08-10,316.61,2038.68,693.23
2021-08-11,320.73,2038.27,696.03
2021-08-12,324.24,2034.9,693.34
2021-08-13,323.74,2033.29,690.61
2021-08-16,325.68,2035.22,690.31
2021-08-17,326.97,2038.45,691.32
2021-08-18,329.71,2035.98,694.91
2021-08-19,327.78,2034.8,696.32
2021-08-20,329.15,2034.74,695.84
2021-08-23,331.27,2035.3,693.78
2021-08-24,327.75,2033.68,696.24
2021-08-25,325.39,2034.53,694.32
2021-08-26,321.31,2033.58,697.57
2021-08-27,320.77,2033.56,697.0
2021-08-30,322.21,2034.65,700.18
2021-08-31,325.21,2034.66,701.54
2021-09-01,325.36,2033.79,701.27
2021-09-02,328.62,2033.57,700.23
2021-09-03,325.86,2033.39,699.55
2021-09-06,322.45,2032.65,700.4
2021-09-07,322.34,2032.13,700.56
2021-09-08,323.11,2035.33,699.37
2021-09-09,323.04,2036.45,699.04
2021-09-10,318.91,2035.86,699.2
2021-09-13,318.73,2037.26,694.94
2021-09-14,316.12,2036.59,695.86
2021-09-15,317.46,2038.93,693.9
2021-09-16,318.19,2039.67,691.59
2021-09-17,316.31,2039.46,688.22
2021-09-20,315.28,2040.35,684.63
2021-09-21,313.16,2037.21,681.92
2021-09-22,313.04,2034.96,680.5
2021-09-23,314.95,2032.57,684.4
2021-09-24,312.98,2032.86,683.35
2021-09-27,313.99,2036.32,683.71
2021-09-28,312.93,2040.79,684.51
2021-09-29,311.34,2042.06,684.77
2021-09-30,311.13,2043.06,684.62
2021-10-01,309.06,2039.46,682.23
2021-10-04,307.95,2038.38,685.13
2021-10-05,305.55,2036.8,688.74
2021-10-06,309.48,2035.56,685.38
2021-10-07,309.55,2035.22,683.33
2021-10-08,308.15,2034.28,682.77
2021-10-11,308.58,2030.32,680.84
2021-10-12,308.36,2031.82,681.85
2021-10-13,307.91,2029.67,680.4
2021-10-14,309.14,2030.15,684.73
2021-10-15,310.66,2034.3,687.11
2021-10-18,309.6,2032.46,687.53
2021-10-19,308.44,2027.4,689.59
2021-10-20,307.89,2026.82,691.8
2021-10-21,303.29,2029.03,690.67
2021-10-22,300.26,2032.94,689.04
2021-10-25,302.99,2030.48,689.19
2021-10-26,306.28,2031.48,690.92
2021-10-27,305.79,2030.55,691.2
2021-10-28,306.94,2030.34,688.04
2021-10-29,307.56,2035.62,686.44
2021-11-01,313.72,2032.62,686.29
2021-11-02,315.96,2033.13,686.14
2021-11-03,315.7,2034.06,690.08
2021-11-04,313.79,2036.23,687.31
2021-11-05,310.58,2036.43,688.32
2021-11-08,310.99,2037.04,691.3
2021-11-09,309.47,2036.26,695.84
2021-11-10,306.63,2036.8,695.03
2021-11-11,305.34,2036.11,696.02
2021-11-12,303.17,2037.36,697.16
2021-11-15,306.55,2036.62,697.55
2021-11-16,308.31,2037.37,697.35
2021-11-17,308.29,2037.31,698.22
2021-11-18,311.25,2039.56,693.16
2021-11-19,311.41,2039.46,694.52
2021-11-22,309.69,2035.92,694.77
2021-11-23,312.73,2038.44,694.33
2021-11-24,313.81,2036.63,698.42
2021-11-25,311.74,2035.32,697.07
2021-11-26,311.35,2034.13,696.27
2021-11-29,309.6,2036.88,700.25
2021-11-30,306.84,2032.61,698.58
2021-12-01,308.69,2038.88,697.48
2021-12-02,312.51,2040.99,697.19
2021-12-03,309.71,2041.44,698.87
2021-12-06,310.84,2041.33,699.29
2021-12-07,309.54,2041.9,696.7
2021-12-08,308.56,2042.94,695.64
2021-12-09,307.38,2044.24,694.42
2021-12-10,305.65,2045.35,694.27
2021-12-13,305.75,2045.53,695.12
2021-12-14,304.08,2045.13,695.96
2021-12-15,304.63,2044.83,692.4
2021-12-16,304.53,2044.44,694.53
2021-12-17,304.05,2046.71,695.04
2021-12-20,302.23,2047.89,697.81
2021-12-21,301.08,2042.01,698.69
2021-12-22,302.59,2043.32,700.9
2021-12-23,303.59,2043.71,701.83
2021-12-24,301.64,2043.68,704.52
2021-12-27,301.83,2042.9,705.57
2021-12-28,303.34,2045.15,705.37
2021-12-29,300.0,2047.04,709.92
2021-12-30,301.09,2045.5,711.69
2021-12-31,299.76,2046.31,712.84
2022-01-03,300.9,2044.37,710.29
2022-01-04,299.37,2041.61,707.71
2022-01-05,295.77,2040.35,708.3
2022-01-06,292.51,2042.08,708.59
2022-01-07,292.61,2043.99,707.36
2022-01-10,293.13,2045.01,707.64
2022-01-11,291.32,2046.46,710.82
2022-01-12,292.59,2047.49,712.21
2022-01-13,289.27,2046.21,709.93
2022-01-14,289.14,2047.08,709.71
2022-01-17,286.72,2048.68,708.1
2022-01-18,285.41,2050.18,707.32
2022-01-19,285.51,2052.56,706.49
2022-01-20,283.79,2053.98,705.54
2022-01-21,283.02,2054.68,703.03
2022-01-24,285.03,2056.82,702.77
2022-01-25,283.88,2056.77,701.65
2022-01-26,285.55,2055.01,695.79
2022-01-27,283.29,2054.68,699.9
2022-01-28,284.35,2053.19,702.08
2022-01-31,287.23,2051.84,701.32
2022-02-01,282.29,2051.55,701.36
2022-02-02,280.69,2049.97,699.02
2022-02-03,281.85,2049.35,702.41
2022-02-04,281.44,2045.56,706.2
2022-02-07,282.19,2045.99,706.52
2022-02-08,280.98,2045.99,708.56
2022-02-09,281.15,2044.36,708.91
2022-02-10,280.84,2045.68,706.24
2022-02-11,283.17,2047.55,705.42
2022-02-14,283.68,2044.34,705.68
2022-02-15,284.36,2042.81,704.77
2022-02-16,283.53,2041.27,704.34
2022-02-17,282.56,2039.39,704.15
2022-02-18,281.69,2041.05,703.99
2022-02-21,282.48,2040.66,704.1
2022-02-22,281.64,2040.13,701.97
2022-02-23,282.22,2036.13,700.54
2022-02-24,286.37,2037.4,697.97
2022-02-25,288.11,2034.92,699.93
2022-02-28,287.46,2035.04,695.72
2022-03-01,289.86,2035.59,698.02
2022-03-02,289.05,2038.31,700.8
2022-03-03,284.97,2035.7,700.19
2022-03-04,282.96,2029.66,694.98
2022-03-07,279.21,2030.03,694.26
2022-03-08,278.51,2033.63,694.13
2022-03-09,278.55,2036.1,692.11
2022-03-10,281.9,2036.52,691.08
2022-03-11,282.55,2035.54,694.14
2022-03-14,282.12,2037.16,695.47
2022-03-15,283.78,2035.21,693.62
2022-03-16,279.35,2036.16,690.43
2022-03-17,279.82,2037.17,689.77
2022-03-18,281.37,2039.29,689.35
2022-03-21,278.41,2044.81,690.34
2022-03-22,280.7,2045.6,689.27
2022-03-23,281.37,2044.58,690.29
2022-03-24,280.54,2044.53,694.16
2022-03-25,281.81,2040.99,695.79
2022-03-28,286.35,2039.6,695.7
2022-03-29,286.71,2038.78,695.33
2022-03-30,287.21,2037.73,694.62
2022-03-31,286.29,2038.04,696.98
2022-04-01,284.59,2036.39,695.72
2022-04-04,286.25,2038.63,695.81
2022-04-05,284.54,2038.64,695.92
2022-04-06,284.68,2038.62,694.91
2022-04-07,283.73,2037.96,692.17
2022-04-08,284.69,2038.27,692.81
2022-04-11,285.35,2039.92,692.69
2022-04-12,287.43,2038.19,693.69
2022-04-13,286.41,2036.87,692.63
2022-04-14,285.87,2036.26,695.07
2022-04-15,283.91,2033.57,693.31
2022-04-18,283.02,2031.93,696.74
2022-04-19,283.78,2030.98,693.24
2022-04-20,285.29,2032.73,694.11
2022-04-21,283.45,2033.25,695.06
2022-04-22,285.19,2033.64,693.47
2022-04-25,287.9,2035.34,694.32
2022-04-26,288.72,2035.07,696.88
2022-04-27,292.48,2035.85,692.45
2022-04-28,290.93,2035.64,693.45
2022-04-29,288.44,2036.17,688.46
2022-05-02,284.88,2035.01,686.53
2022-05-03,287.88,2030.13,689.79
2022-05-04,289.18,2029.86,688.63
2022-05-05,289.07,2032.71,686.28
2022-05-06,289.63,2034.56,685.88
2022-05-09,287.38,2036.49,690.02
2022-05-10,292.27,2038.96,686.36
2022-05-11,292.53,2039.14,684.25
2022-05-12,292.75,2039.54,687.25
2022-05-13,294.2,2038.3,690.96
2022-05-16,295.16,2037.67,690.76
2022-05-17,295.61,2038.9,688.28
2022-05-18,294.03,2041.31,692.47
2022-05-19,294.97,2041.03,695.66
2022-05-20,298.74,2040.13,697.02
2022-05-23,301.43,2040.13,695.39
2022-05-24,304.62,2041.33,695.3
2022-05-25,303.59,2038.44,694.97
2022-05-26,301.61,2033.85,695.64
2022-05-27,301.36,2032.75,698.54
2022-05-30,301.47,2030.31,700.3
2022-05-31,303.66,2029.29,698.14
2022-06-01,300.28,2029.0,700.9
2022-06-02,303.34,2028.09,701.52
2022-06-03,303.02,2031.0,702.9
2022-06-06,302.17,2031.65,705.83
2022-06-07,300.14,2032.25,703.61
2022-06-08,296.83,2033.49,703.53
2022-06-09,298.48,2031.22,702.47
2022-06-10,298.63,2033.29,699.34
2022-06-13,296.05,2033.14,700.03
2022-06-14,293.46,2034.48,705.05
2022-06-15,292.78,2032.34,701.37
2022-06-16,296.12,2029.23,701.31
2022-06-17,295.6,2030.87,702.59
2022-06-20,292.6,2031.62,702.83
2022-06-21,292.1,2029.82,702.61
2022-06-22,291.56,2028.08,700.01
2022-06-23,286.17,2030.33,700.48
2022-06-24,286.06,2027.95,698.96
2022-06-27,285.59,2031.24,694.58
2022-06-28,286.99,2029.43,696.97
2022-06-29,290.69,2030.71,698.89
2022-06-30,292.94,2030.05,698.99
2022-07-01,292.4,2031.26,699.45
2022-07-04,290.19,2030.17,701.6
2022-07-05,295.33,2029.85,702.05
2022-07-06,295.45,2029.93,703.85
2022-07-07,295.48,2027.92,703.26
2022-07-08,295.43,2029.41,705.88
2022-07-11,295.83,2028.38,706.53
2022-07-12,295.54,2027.92,706.91
2022-07-13,294.39,2025.93,704.37
2022-07-14,293.3,2020.81,704.95
2022-07-15,293.23,2020.43,703.28
2022-07-18,292.15,2025.25,702.01
2022-07-19,290.72,2026.82,700.38
2022-07-20,290.93,2026.78,698.24
2022-07-21,290.42,2026.26,702.49
2022-07-22,293.43,2026.3,705.16
2022-07-25,288.13,2027.4,709.0
2022-07-26,290.31,2025.03,706.55
2022-07-27,292.8,2027.26,706.69
2022-07-28,288.66,2028.69,704.11
2022-07-29,287.97,2030.13,702.71
2022-08-01,287.23,2031.01,700.88
2022-08-02,284.41,2031.05,703.36
2022-08-03,282.86,2032.39,702.57
2022-08-04,280.64,2033.58,704.7
2022-08-05,284.14,2032.87,705.91
2022-08-08,286.01,2031.72,710.52
2022-08-09,288.56,2031.92,707.56
2022-08-10,290.0,2035.02,710.08
2022-08-11,287.74,2032.54,712.37
2022-08-12,286.69,2029.61,710.42
2022-08-15,287.67,2029.94,712.44
2022-08-16,285.23,2030.04,713.11
2022-08-17,286.65,2030.39,712.65
2022-08-18,286.17,2030.87,711.01
2022-08-19,285.42,2030.43,709.57
2022-08-22,286.85,2033.41,713.67
2022-08-23,287.73,2030.21,713.67
2022-08-24,287.01,2028.55,715.23
2022-08-25,289.33,2028.34,713.65
2022-08-26,287.17,2025.06,712.09
2022-08-29,288.4,2024.7,714.26
2022-08-30,289.59,2028.03,711.56
2022-08-31,288.97,2028.07,710.73
2022-09-01,289.62,2028.53,710.79
2022-09-02,287.12,2026.01,711.02
2022-09-05,288.97,2024.78,710.66
2022-09-06,288.6,2024.03,711.45
2022-09-07,287.55,2023.39,712.84
2022-09-08,289.65,2025.96,714.31
2022-09-09,288.24,2027.07,712.33
2022-09-12,285.42,2024.85,711.77
2022-09-13,282.31,2025.34,714.16
2022-09-14,283.52,2026.34,715.94
2022-09-15,280.96,2028.62,713.2
2022-09-16,284.47,2031.78,713.9
2022-09-19,280.31,2029.75,709.95
2022-09-20,283.7,2028.13,710.04
2022-09-21,284.12,2025.61,713.83
2022-09-22,283.93,2025.14,711.94
2022-09-23,282.84,2026.08,710.27
2022-09-26,283.64,2028.05,711.8
2022-09-27,283.56,2027.9,708.71
2022-09-28,285.77,2027.26,707.45
2022-09-29,286.0,2027.56,708.64
2022-09-30,286.3,2025.89,707.37
2022-10-03,285.57,2030.07,706.9
2022-10-04,285.46,2026.86,708.39
2022-10-05,286.07,2027.23,709.23
2022-10-06,282.65,2031.27,709.76
2022-10-07,279.95,2031.29,709.09
2022-10-10,281.44,2030.91,709.83
2022-10-11,281.78,2030.19,709.58
2022-10-12,281.41,2029.83,710.49
2022-10-13,281.45,2032.58,709.5
2022-10-14,282.15,2028.15,709.14
2022-10-17,281.07,2031.22,707.16
2022-10-18,279.51,2028.37,707.09
2022-10-19,279.9,2027.84,705.46
2022-10-20,277.95,2026.98,703.24
2022-10-21,278.76,2028.16,703.75
2022-10-24,275.36,2024.96,704.18
2022-10-25,277.42,2025.88,705.74
2022-10-26,278.36,2029.93,704.88
2022-10-27,278.87,2027.21,705.7
2022-10-28,280.84,2027.59,706.8
2022-10-31,284.17,2026.26,707.69
2022-11-01,286.2,2027.11,706.04
2022-11-02,282.52,2027.15,706.34
2022-11-03,279.96,2025.87,707.07
2022-11-04,278.71,2026.85,707.08
2022-11-07,278.76,2030.45,702.91
2022-11-08,279.79,2030.07,703.23
2022-11-09,278.34,2031.51,707.65
2022-11-10,278.72,2028.93,706.93
2022-11-11,277.21,2027.01,705.48
2022-11-14,275.98,2027.96,706.22
2022-11-15,273.17,2030.93,706.85
2022-11-16,271.32,2031.64,709.23
2022-11-17,268.62,2031.01,706.72
2022-11-18,266.67,2031.01,708.18
2022-11-21,268.78,2028.51,709.36
2022-11-22,266.88,2029.72,709.08
2022-11-23,272.14,2031.48,709.75
2022-11-24,273.13,2030.58,711.81
2022-11-25,273.5,2029.64,713.56
2022-11-28,271.78,2030.17,711.27
2022-11-29,273.18,2029.3,712.91
2022-11-30,272.03,2029.16,712.78
2022-12-01,272.27,2033.36,712.93
2022-12-02,277.39,2032.87,713.07
2022-12-05,277.2,2032.15,712.77
2022-12-06,279.5,2030.86,715.16
2022-12-07,278.09,2032.35,714.99
2022-12-08,278.02,2031.98,712.75
2022-12-09,281.57,2030.68,711.96
2022-12-12,280.31,2033.33,712.32
2022-12-13,283.94,2036.17,714.78
2022-12-14,285.35,2034.97,715.99
2022-12-15,284.23,2031.23,714.29
2022-12-16,285.49,2033.25,719.26
2022-12-19,287.44,2031.88,719.79
2022-12-20,288.68,2033.46,722.34
2022-12-21,285.54,2029.52,722.03
2022-12-22,284.09,2031.3,723.1
2022-12-23,283.59,2028.88,724.78
2022-12-26,283.44,2030.34,727.21
2022-12-27,284.68,2030.37,729.33
2022-12-28,285.04,2028.46,731.07
2022-12-29,282.37,2027.65,730.44
2022-12-30,283.13,2029.02,729.3
2023-01-02,284.35,2029.23,729.97
2023-01-03,285.47,2030.4,731.83
2023-01-04,287.63,2034.36,731.39
2023-01-05,289.3,2031.23,733.52
2023-01-06,290.22,2034.46,736.42
2023-01-09,290.08,2034.67,734.59
2023-01-10,286.76,2032.87,732.92
2023-01-11,287.61,2030.21,732.63
2023-01-12,288.03,2029.83,733.25
2023-01-13,288.57,2031.68,732.2
2023-01-16,286.02,2031.42,734.9
2023-01-17,283.86,2034.45,735.75
2023-01-18,285.96,2031.54,735.83
2023-01-19,285.88,2031.52,732.96
2023-01-20,287.25,2029.01,730.33
2023-01-23,287.3,2029.74,730.89
2023-01-24,287.36,2031.51,726.63
2023-01-25,289.24,2030.67,728.65
2023-01-26,288.21,2025.47,728.33
2023-01-27,288.4,2025.86,734.82
2023-01-30,287.48,2026.74,739.44
2023-01-31,286.61,2027.54,739.07
2023-02-01,285.99,2030.02,738.86
2023-02-02,286.43,2027.87,740.85
2023-02-03,285.48,2029.23,744.26
2023-02-06,287.99,2031.62,740.98
2023-02-07,286.2,2028.06,737.41
2023-02-08,285.82,2028.7,736.17
2023-02-09,284.94,2027.69,737.33
2023-02-10,287.84,2027.53,738.32
2023-02-13,288.23,2028.23,740.46
2023-02-14,290.29,2027.25,738.06
2023-02-15,287.32,2025.9,733.43
2023-02-16,287.86,2025.97,735.15
2023-02-17,289.64,2023.79,733.49
2023-02-20,289.8,2021.62,729.46
2023-02-21,291.93,2022.98,729.75
2023-02-22,290.9,2020.68,731.33
2023-02-23,293.72,2022.02,731.09
2023-02-24,298.31,2022.94,730.17
2023-02-27,297.59,2019.49,729.85
2023-02-28,296.7,2018.13,729.11
2023-03-01,299.6,2020.52,726.42
2023-03-02,302.76,2018.56,724.99
2023-03-03,301.72,2017.63,726.03
2023-03-06,300.88,2018.56,726.67
2023-03-07,300.31,2020.12,727.01
2023-03-08,297.63,2019.62,725.02
2023-03-09,295.79,2018.42,724.66
2023-03-10,293.78,2021.27,720.3
2023-03-13,292.24,2024.75,720.66
2023-03-14,292.17,2026.7,723.52
2023-03-15,292.64,2026.88,720.57
2023-03-16,295.74,2025.26,719.4
2023-03-17,293.75,2023.6,720.05
2023-03-20,295.72,2024.64,722.56
2023-03-21,295.29,2025.48,721.66
2023-03-22,295.19,2028.28,720.28
2023-03-23,296.54,2029.58,716.34
2023-03-24,294.29,2026.58,716.55
2023-03-27,295.06,2028.68,720.63
2023-03-28,295.39,2026.69,721.19
2023-03-29,296.38,2025.92,721.14
2023-03-30,296.95,2026.42,721.79
2023-03-31,301.87,2030.41,721.76
2023-04-03,300.59,2036.63,720.14
2023-04-04,299.53,2037.84,721.78
2023-04-05,298.28,2037.48,722.24
2023-04-06,297.17,2038.55,722.27
2023-04-07,295.9,2040.32,720.32
2023-04-10,298.27,2039.68,722.93
2023-04-11,301.11,2043.27,724.26
2023-04-12,299.97,2043.73,723.15
2023-04-13,298.31,2044.73,725.15
2023-04-14,299.25,2046.06,724.16
2023-04-17,298.15,2046.9,722.6
2023-04-18,299.41,2048.58,721.08
2023-04-19,299.82,2047.34,717.53
2023-04-20,296.79,2046.23,718.48
2023-04-21,299.88,2044.03,714.81
2023-04-24,303.47,2044.91,712.36
2023-04-25,302.25,2046.46,708.21
2023-04-26,301.47,2047.38,708.03
2023-04-27,302.04,2050.73,707.73
2023-04-28,302.71,2050.72,707.08
2023-05-01,304.03,2052.05,705.0
2023-05-02,308.05,2049.87,702.65
2023-05-03,307.7,2049.1,703.58
2023-05-04,306.1,2050.49,702.48
2023-05-05,303.34,2052.19,703.11
2023-05-08,301.88,2051.6,701.34
2023-05-09,301.81,2051.45,701.7
2023-05-10,305.4,2048.42,704.31
2023-05-11,304.37,2047.71,705.48
2023-05-12,304.82,2049.49,704.66
2023-05-15,304.78,2050.64,705.17
2023-05-16,307.16,2051.64,704.69
2023-05-17,312.21,2051.74,704.71
2023-05-18,311.15,2051.75,704.05
2023-05-19,310.17,2050.43,703.73
2023-05-22,312.26,2051.83,704.15
2023-05-23,313.62,2052.67,702.16
2023-05-24,317.32,2053.65,700.13
2023-05-25,318.49,2052.6,697.35
2023-05-26,317.77,2048.3,694.15
2023-05-29,318.95,2050.49,691.72
2023-05-30,321.17,2049.53,692.04
2023-05-31,322.81,2047.81,690.25
2023-06-01,323.82,2049.19,691.28
2023-06-02,325.95,2048.41,691.35
2023-06-05,328.29,2050.53,687.41
2023-06-06,331.06,2051.76,688.72
2023-06-07,332.36,2053.13,690.34
2023-06-08,332.02,2050.4,688.36
2023-06-09,332.31,2052.82,689.2
2023-06-12,334.73,2053.34,687.48
2023-06-13,333.09,2052.61,687.68
2023-06-14,333.83,2052.89,685.15
2023-06-15,333.04,2049.34,681.56
2023-06-16,333.1,2050.16,680.8
2023-06-19,335.66,2048.1,680.55
2023-06-20,336.04,2045.39,679.76
2023-06-21,336.13,2042.35,677.39
2023-06-22,333.41,2044.57,676.59
2023-06-23,334.91,2043.32,677.13
2023-06-26,336.2,2046.38,677.04
2023-06-27,340.52,2045.31,677.4
2023-06-28,339.91,2041.9,676.06
2023-06-29,340.35,2039.66,678.4
2023-06-30,340.85,2042.14,676.05
2023-07-03,344.0,2041.82,677.03
2023-07-04,343.81,2040.73,679.39
2023-07-05,344.37,2041.05,680.35
2023-07-06,345.58,2042.05,679.95
2023-07-07,345.96,2044.29,678.89
2023-07-10,345.06,2047.18,680.96
2023-07-11,345.45,2046.46,678.12
2023-07-12,347.6,2043.81,676.18
2023-07-13,345.55,2042.98,675.38
2023-07-14,345.81,2043.5,677.86
2023-07-17,344.41,2041.58,678.62
2023-07-18,346.8,2039.66,676.68
2023-07-19,343.76,2040.35,676.06
2023-07-20,342.64,2040.25,674.83
2023-07-21,343.39,2040.32,673.41
2023-07-24,346.52,2038.8,675.37
2023-07-25,346.39,2038.34,672.63
2023-07-26,345.28,2036.49,675.84
2023-07-27,349.04,2038.27,677.5
2023-07-28,346.15,2040.34,679.68
2023-07-31,341.75,2036.65,678.76
2023-08-01,342.63,2034.79,678.46
2023-08-02,341.63,2031.8,675.59
2023-08-03,339.58,2030.5,674.54
2023-08-04,341.0,2030.33,675.53
2023-08-07,341.49,2027.43,678.12
2023-08-08,340.36,2025.59,675.91
2023-08-09,337.8,2023.58,675.17
2023-08-10,339.54,2024.0,674.87
2023-08-11,340.84,2024.13,672.08
2023-08-14,340.65,2022.69,673.26
2023-08-15,344.34,2023.04,671.82
2023-08-16,342.2,2021.95,671.42
2023-08-17,339.15,2021.41,670.52
2023-08-18,337.76,2024.75,668.94
2023-08-21,337.67,2027.44,668.93
2023-08-22,338.16,2024.84,668.5
2023-08-23,337.68,2026.5,667.75
2023-08-24,338.38,2028.12,666.3
2023-08-25,335.88,2025.82,666.93
2023-08-28,338.77,2027.46,670.24
2023-08-29,338.6,2030.54,670.52
2023-08-30,340.84,2028.29,672.51
2023-08-31,341.52,2026.46,669.73
2023-09-01,342.44,2028.49,670.05
2023-09-04,343.57,2029.03,667.85
2023-09-05,344.47,2030.14,664.9
2023-09-06,345.76,2030.82,663.42
2023-09-07,348.41,2031.6,665.81
2023-09-08,348.81,2028.95,667.71
2023-09-11,350.22,2031.04,668.19
2023-09-12,350.05,2033.38,665.13
2023-09-13,352.93,2032.92,664.73
2023-09-14,351.57,2032.83,665.34
2023-09-15,355.17,2029.77,665.69
2023-09-18,355.09,2030.8,662.0
2023-09-19,352.23,2031.94,660.22
2023-09-20,352.49,2031.82,660.09
2023-09-21,351.13,2034.07,661.16
2023-09-22,352.81,2033.4,656.77
2023-09-25,351.5,2034.53,656.45
2023-09-26,350.61,2032.49,656.73
2023-09-27,346.83,2032.44,658.43
2023-09-28,345.93,2032.1,659.82
2023-09-29,341.08,2032.55,660.98
2023-10-02,337.91,2031.81,659.38
2023-10-03,339.43,2031.54,655.57
2023-10-04,341.0,2033.2,654.78
2023-10-05,341.85,2032.32,656.79
2023-10-06,339.92,2029.11,659.57
2023-10-09,339.83,2032.61,660.99
2023-10-10,339.82,2035.37,661.85
2023-10-11,337.5,2032.79,662.61
2023-10-12,340.51,2034.17,661.5
2023-10-13,342.26,2033.16,661.24
2023-10-16,341.82,2033.69,664.58
2023-10-17,341.87,2034.28,662.69
2023-10-18,342.29,2033.81,665.92
2023-10-19,338.21,2032.24,665.28
2023-10-20,337.71,2030.86,667.93
2023-10-23,336.35,2029.03,665.11
2023-10-24,334.35,2027.36,666.29
2023-10-25,333.78,2027.23,664.81
2023-10-26,337.38,2025.8,661.98
2023-10-27,338.66,2027.16,662.42
2023-10-30,337.52,2030.13,664.44
2023-10-31,338.66,2028.97,662.75
2023-11-01,341.46,2029.45,659.75
2023-11-02,343.31,2030.45,659.57
2023-11-03,343.43,2031.4,659.39
2023-11-06,342.14,2031.55,660.49
2023-11-07,343.53,2033.03,662.39
2023-11-08,344.32,2034.0,662.27
2023-11-09,346.11,2031.52,665.98
2023-11-10,347.38,2033.26,666.43
2023-11-13,349.48,2035.04,665.74
2023-11-14,348.41,2033.51,662.51
2023-11-15,351.05,2033.59,661.99
2023-11-16,351.44,2034.95,661.31
2023-11-17,355.59,2034.53,663.24
2023-11-20,354.21,2036.68,664.16
2023-11-21,357.68,2041.41,661.8
2023-11-22,358.08,2039.84,662.15
2023-11-23,356.78,2037.07,663.49
2023-11-24,355.81,2037.68,666.54
2023-11-27,355.17,2039.12,668.32
2023-11-28,356.02,2038.66,669.84
2023-11-29,357.06,2041.57,669.96
2023-11-30,355.92,2038.89,670.74
2023-12-01,355.87,2040.28,673.24
2023-12-04,360.15,2039.07,670.57
2023-12-05,363.61,2042.5,669.87
2023-12-06,364.48,2046.49,668.33
2023-12-07,364.56,2044.96,669.09
2023-12-08,364.8,2043.86,671.55
2023-12-11,366.02,2045.58,670.35
2023-12-12,363.98,2044.8,665.57
2023-12-13,363.46,2044.71,664.75
2023-12-14,360.12,2044.76,666.57
2023-12-15,360.92,2040.92,667.65
2023-12-18,362.22,2040.9,668.51
2023-12-19,361.25,2039.52,667.95
2023-12-20,364.4,2038.53,665.39
2023-12-21,361.95,2041.42,666.42
2023-12-22,359.02,2038.9,664.75
2023-12-25,359.47,2040.53,669.12
2023-12-26,361.56,2039.97,670.26
2023-12-27,364.93,2039.41,669.1
2023-12-28,364.01,2040.99,667.88
2023-12-29,366.17,2041.67,667.69
2024-01-01,366.09,2042.81,667.21
2024-01-02,365.75,2044.75,669.44
2024-01-03,367.51,2044.09,669.82
2024-01-04,368.82,2042.86,668.35
2024-01-05,365.67,2040.69,672.13
2024-01-08,368.62,2039.04,672.23
2024-01-09,371.38,2044.94,673.77
2024-01-10,370.13,2047.43,672.55
2024-01-11,370.92,2044.73,673.28
2024-01-12,371.91,2042.08,673.9
2024-01-15,372.43,2043.05,670.12
2024-01-16,371.33,2044.14,674.15
2024-01-17,369.99,2045.24,676.74
2024-01-18,369.93,2044.73,675.94
2024-01-19,372.28,2044.48,673.74
2024-01-22,373.37,2045.13,674.43
2024-01-23,372.63,2045.31,674.6
2024-01-24,374.17,2040.87,675.32
2024-01-25,368.47,2040.41,675.7
2024-01-26,370.77,2038.7,676.71
2024-01-29,367.29,2039.06,679.61
2024-01-30,366.57,2045.03,680.74
2024-01-31,364.33,2045.76,678.64
2024-02-01,361.74,2045.13,681.37
2024-02-02,364.06,2046.98,684.65
2024-02-05,363.12,2047.94,690.95
2024-02-06,363.82,2048.78,688.71
2024-02-07,363.72,2050.0,689.19
2024-02-08,364.68,2054.11,685.03
2024-02-09,364.83,2051.85,686.13
2024-02-12,362.26,2052.8,685.04
2024-02-13,364.26,2050.94,688.89
2024-02-14,363.27,2052.05,687.34
2024-02-15,360.16,2050.22,683.96
2024-02-16,359.3,2049.38,683.02
2024-02-19,362.3,2048.79,679.06
2024-02-20,364.0,2050.74,680.57
2024-02-21,363.3,2052.58,676.44
2024-02-22,362.61,2050.09,676.49
2024-02-23,361.96,2050.2,672.34
2024-02-26,366.12,2048.78,671.7
2024-02-27,366.88,2046.26,674.98
2024-02-28,367.74,2045.83,675.7
2024-02-29,369.8,2045.21,673.98
2024-03-01,370.28,2050.06,673.92
2024-03-04,369.76,2050.93,673.95
2024-03-05,369.37,2048.18,674.9
2024-03-06,369.22,2047.05,672.16
2024-03-07,369.15,2049.09,673.35
2024-03-08,370.6,2053.27,667.94
2024-03-11,370.71,2050.09,666.68
2024-03-12,372.17,2046.33,665.7
2024-03-13,372.01,2050.08,666.97
2024-03-14,372.17,2050.85,667.02
2024-03-15,368.17,2049.12,664.2
2024-03-18,370.01,2050.19,662.23
2024-03-19,370.7,2044.92,662.63
2024-03-20,372.7,2044.92,662.47
2024-03-21,366.9,2045.58,661.31
2024-03-22,371.08,2047.43,660.35
2024-03-25,370.8,2045.4,661.75
2024-03-26,373.02,2045.57,660.71
2024-03-27,370.94,2043.72,660.53
2024-03-28,372.16,2044.23,664.87
2024-03-29,370.06,2042.44,662.03
2024-04-01,368.81,2041.62,658.32
2024-04-02,372.64,2039.63,659.89
2024-04-03,372.25,2040.93,658.53
2024-04-04,372.69,2042.65,657.9
2024-04-05,374.43,2042.18,656.33
2024-04-08,375.42,2042.26,655.81
2024-04-09,375.72,2039.36,659.01
2024-04-10,376.45,2038.76,660.62
2024-04-11,381.26,2038.66,662.34
2024-04-12,381.14,2043.9,659.51
2024-04-15,381.55,2041.68,657.21
2024-04-16,383.65,2044.61,651.53
2024-04-17,385.86,2046.6,649.91
2024-04-18,388.23,2047.16,651.82
2024-04-19,389.51,2050.68,652.86
2024-04-22,387.22,2051.42,652.41
2024-04-23,390.49,2052.2,652.37
2024-04-24,388.2,2052.1,650.99
2024-04-25,388.8,2054.54,651.4
2024-04-26,387.29,2056.74,652.93
2024-04-29,387.17,2055.48,649.7
2024-04-30,387.82,2052.85,650.3
2024-05-01,388.47,2052.44,652.16
2024-05-02,389.31,2050.84,651.33
2024-05-03,392.54,2050.71,652.74
2024-05-06,393.44,2053.19,658.36
2024-05-07,392.96,2052.27,658.16
2024-05-08,394.88,2052.19,658.94
2024-05-09,397.26,2052.3,657.47
2024-05-10,394.81,2054.0,657.83
2024-05-13,396.0,2049.51,658.75
2024-05-14,397.41,2048.29,659.14
2024-05-15,396.81,2048.72,657.1
2024-05-16,399.56,2051.12,657.51
2024-05-17,399.26,2050.13,660.44
2024-05-20,399.51,2046.38,661.33
2024-05-21,399.17,2047.62,663.26
2024-05-22,399.2,2046.35,662.78
2024-05-23,397.01,2043.97,664.28
2024-05-24,394.12,2042.72,664.84
2024-05-27,397.31,2042.35,662.94
2024-05-28,395.62,2041.14,663.58
2024-05-29,393.64,2036.73,661.59
2024-05-30,389.33,2038.52,660.33
2024-05-31,388.05,2041.07,660.71
2024-06-03,385.41,2042.38,661.3
2024-06-04,388.69,2040.1,658.92
2024-06-05,390.71,2039.7,661.03
2024-06-06,389.33,2039.69,662.18
2024-06-07,393.84,2040.88,660.77
2024-06-10,395.8,2042.22,657.69
2024-06-11,395.15,2040.75,657.4
2024-06-12,390.15,2040.92,656.51
2024-06-13,394.74,2041.83,656.74
2024-06-14,391.96,2044.74,656.01
2024-06-17,388.67,2046.15,651.99
2024-06-18,390.71,2047.73,651.22
2024-06-19,395.59,2047.9,650.61
2024-06-20,398.36,2050.72,651.87
2024-06-21,399.49,2051.54,650.48
2024-06-24,400.68,2049.81,653.83
2024-06-25,402.38,2052.62,650.01
2024-06-26,403.9,2054.02,652.63
2024-06-27,404.46,2053.13,652.18
2024-06-28,404.67,2052.17,653.9
2024-07-01,404.55,2052.77,654.06
2024-07-02,403.04,2053.69,656.34
2024-07-03,402.48,2054.09,655.57
2024-07-04,399.09,2054.71,653.37
2024-07-05,398.89,2058.11,656.21
2024-07-08,396.92,2060.25,655.98
2024-07-09,394.71,2060.63,656.43
2024-07-10,395.07,2062.52,658.9
2024-07-11,397.85,2060.45,656.83
2024-07-12,399.69,2061.25,658.02
2024-07-15,396.55,2064.87,656.84
2024-07-16,394.57,2064.43,656.58
2024-07-17,396.45,2062.73,656.72
2024-07-18,394.49,2061.43,653.72
2024-07-19,394.04,2059.25,652.17
2024-07-22,395.14,2057.68,654.87
2024-07-23,393.2,2056.94,656.64
2024-07-24,393.41,2054.13,656.52
2024-07-25,390.74,2054.16,657.0
2024-07-26,389.54,2055.96,656.41
2024-07-29,390.18,2054.15,659.13
2024-07-30,386.99,2057.19,658.73
2024-07-31,387.88,2058.21,659.19
2024-08-01,387.84,2060.27,661.48
2024-08-02,388.94,2058.95,659.93
2024-08-05,389.39,2060.66,663.04
2024-08-06,392.12,2058.48,659.98
2024-08-07,392.37,2060.26,663.24
2024-08-08,391.51,2060.6,662.5
2024-08-09,391.75,2061.71,662.01
2024-08-12,392.84,2059.36,658.23
2024-08-13,392.94,2057.57,657.32
2024-08-14,393.02,2058.76,655.24
2024-08-15,391.62,2056.87,654.03
2024-08-16,390.29,2057.79,653.75
2024-08-19,387.48,2055.06,655.67
2024-08-20,390.98,2056.76,656.08
2024-08-21,388.5,2054.29,656.7
2024-08-22,387.11,2055.39,654.51
2024-08-23,385.67,2056.65,652.75
2024-08-26,387.46,2055.25,656.34
2024-08-27,386.87,2056.42,654.87
2024-08-28,389.37,2056.94,658.19
2024-08-29,388.02,2055.86,657.7
2024-08-30,388.58,2053.84,657.7
2024-09-02,386.91,2049.92,659.85
2024-09-03,391.2,2050.62,662.39
2024-09-04,388.82,2047.49,662.17
2024-09-05,389.44,2047.68,661.39
2024-09-06,390.71,2047.15,661.28
2024-09-09,391.54,2048.51,661.96
2024-09-10,391.17,2047.91,663.74
2024-09-11,390.91,2047.25,663.75
2024-09-12,391.0,2048.71,664.98
2024-09-13,390.7,2049.38,668.26
2024-09-16,392.63,2050.01,669.02
2024-09-17,397.05,2050.95,669.65
2024-09-18,395.94,2047.88,666.61
2024-09-19,393.2,2049.39,661.35
2024-09-20,393.02,2050.62,662.12
2024-09-23,398.18,2048.59,661.93
2024-09-24,396.57,2048.1,660.9
2024-09-25,399.85,2048.02,661.39
2024-09-26,403.21,2047.75,661.27
2024-09-27,402.1,2048.42,663.53
2024-09-30,403.24,2051.28,663.7
2024-10-01,406.49,2053.44,662.21
2024-10-02,405.73,2050.82,664.19
2024-10-03,405.33,2052.06,663.75
2024-10-04,404.16,2054.72,664.8
2024-10-07,402.13,2055.49,663.85
2024-10-08,400.84,2057.68,662.55
2024-10-09,398.39,2061.7,662.72
2024-10-10,398.46,2063.75,662.74
2024-10-11,396.92,2064.25,663.7
2024-10-14,397.38,2066.34,663.17
2024-10-15,394.27,2066.63,659.49
2024-10-16,394.93,2066.67,658.63
2024-10-17,396.6,2065.97,660.22
2024-10-18,392.61,2069.1,659.62
2024-10-21,393.36,2067.46,659.13
2024-10-22,395.82,2070.53,661.1
2024-10-23,393.4,2071.53,659.68
2024-10-24,396.74,2068.73,656.59
2024-10-25,397.58,2069.46,656.27
2024-10-28,396.17,2065.26,655.3
2024-10-29,396.06,2066.51,653.37
2024-10-30,397.18,2068.28,653.02
2024-10-31,397.33,2067.1,654.0
2024-11-01,398.41,2067.35,653.98
2024-11-04,396.56,2071.26,654.6
2024-11-05,396.9,2070.24,658.22
2024-11-06,394.08,2068.13,657.54
2024-11-07,393.85,2071.09,658.09
2024-11-08,392.05,2075.01,657.08
2024-11-11,390.57,2075.02,655.38
2024-11-12,393.05,2077.04,654.21
2024-11-13,395.23,2079.73,653.26
2024-11-14,396.45,2078.24,653.97
2024-11-15,394.26,2077.27,658.67
2024-11-18,393.63,2079.73,657.24
2024-11-19,396.06,2083.1,656.41
2024-11-20,396.34,2084.23,656.28
2024-11-21,400.98,2082.47,657.07
2024-11-22,401.76,2086.44,657.6
2024-11-25,402.15,2085.38,660.17
2024-11-26,401.53,2084.71,655.32
2024-11-27,401.8,2085.4,650.54
2024-11-28,401.49,2088.5,649.55
2024-11-29,402.91,2090.21,651.74
2024-12-02,404.82,2091.04,648.61
2024-12-03,403.25,2091.97,642.6
2024-12-04,400.59,2092.06,643.74
2024-12-05,396.92,2093.17,644.23
2024-12-06,397.93,2088.11,642.05
2024-12-09,395.72,2087.52,640.08
2024-12-10,391.42,2088.0,638.14
2024-12-11,392.2,2085.7,638.36
2024-12-12,397.18,2086.47,637.11
2024-12-13,397.17,2086.06,638.09
2024-12-16,398.85,2089.58,632.38
2024-12-17,399.01,2092.72,630.67
2024-12-18,398.81,2091.79,628.42
2024-12-19,400.65,2091.49,627.91
2024-12-20,400.07,2091.34,626.83
2024-12-23,400.61,2090.44,628.43
2024-12-24,401.25,2090.83,624.71
2024-12-25,399.91,2089.31,624.8
2024-12-26,401.9,2087.05,625.91
2024-12-27,401.55,2088.29,629.63
2024-12-30,400.04,2089.55,628.66
2024-12-31,401.11,2087.95,629.31
2025-01-01,399.31,2089.74,625.71
2025-01-02,399.37,2088.47,620.92
2025-01-03,399.35,2088.98,622.61
2025-01-06,401.52,2090.62,622.6
2025-01-07,402.47,2090.55,624.96
2025-01-08,402.42,2091.46,622.21
2025-01-09,404.06,2090.43,623.25
2025-01-10,406.84,2090.04,626.99
2025-01-13,407.95,2089.62,627.83
2025-01-14,407.97,2088.13,628.38
2025-01-15,405.35,2087.78,628.4
2025-01-16,403.22,2084.68,625.26
2025-01-17,402.61,2083.7,627.97
2025-01-20,401.39,2083.13,626.74
2025-01-21,401.02,2082.62,627.75
2025-01-22,401.13,2082.13,624.63
2025-01-23,402.19,2082.01,622.27
2025-01-24,402.05,2082.97,625.14
2025-01-27,403.02,2084.72,624.44
2025-01-28,403.15,2083.42,627.35
2025-01-29,399.2,2081.01,627.19
2025-01-30,397.32,2078.93,623.51
2025-01-31,397.03,2077.95,625.29
2025-02-03,394.61,2077.25,624.11
2025-02-04,395.81,2075.71,625.51
2025-02-05,398.87,2073.12,625.56
2025-02-06,401.31,2072.2,622.48
2025-02-07,400.88,2072.57,622.8
2025-02-10,403.87,2073.76,627.2
2025-02-11,404.16,2072.64,628.18
2025-02-12,403.49,2071.82,628.07
2025-02-13,402.26,2069.96,630.22
2025-02-14,401.66,2069.9,630.64
2025-02-17,400.88,2068.2,631.06
2025-02-18,401.22,2069.35,628.88
2025-02-19,401.54,2065.78,629.34
2025-02-20,401.55,2065.06,631.41
2025-02-21,402.42,2065.66,629.74
2025-02-24,404.8,2066.03,632.59
2025-02-25,406.7,2071.41,632.41
2025-02-26,403.73,2072.11,630.63
2025-02-27,398.63,2070.11,632.63
2025-02-28,400.49,2069.92,632.05
2025-03-03,397.76,2066.36,633.57
2025-03-04,397.31,2066.2,632.99
2025-03-05,394.97,2064.54,632.87
2025-03-06,391.37,2066.37,633.86
2025-03-07,392.45,2065.27,634.44
2025-03-10,393.97,2065.03,630.45
2025-03-11,392.81,2063.76,628.21
2025-03-12,387.63,2067.24,630.06
2025-03-13,386.54,2066.6,629.8
2025-03-14,387.32,2070.26,628.75
2025-03-17,384.37,2071.89,626.04
2025-03-18,384.73,2072.86,623.88
2025-03-19,384.7,2073.59,619.83
2025-03-20,385.86,2074.38,619.63
2025-03-21,386.1,2070.53,618.43
2025-03-24,384.15,2069.97,616.5
2025-03-25,386.55,2071.66,616.36
2025-03-26,386.23,2071.56,617.09
2025-03-27,386.17,2068.75,621.28
2025-03-28,384.31,2068.64,618.25
2025-03-31,383.42,2072.05,620.57
2025-04-01,381.65,2074.55,622.52
2025-04-02,381.31,2074.42,620.96
2025-04-03,384.73,2076.33,621.37
2025-04-04,381.99,2075.59,620.45
2025-04-07,378.76,2072.18,620.82
2025-04-08,381.7,2070.34,623.84
2025-04-09,381.28,2073.46,625.05
2025-04-10,379.94,2072.91,626.07
2025-04-11,382.02,2072.43,625.21
2025-04-14,380.81,2071.83,622.24
2025-04-15,384.46,2075.64,621.82
2025-04-16,385.82,2078.89,624.24
2025-04-17,384.84,2083.32,621.18
2025-04-18,389.16,2083.01,619.07
2025-04-21,387.95,2083.6,619.33
2025-04-22,389.43,2080.56,617.36
2025-04-23,390.03,2083.52,615.77
2025-04-24,392.63,2081.18,614.92
2025-04-25,395.76,2081.62,612.19
2025-04-28,395.82,2079.42,610.24
2025-04-29,394.31,2078.24,611.65
2025-04-30,395.23,2076.57,609.04
2025-05-01,393.88,2075.35,605.84
2025-05-02,397.91,2074.28,604.58
2025-05-05,398.18,2073.18,606.04
2025-05-06,397.45,2074.85,605.65
2025-05-07,397.82,2072.64,604.72
2025-05-08,395.12,2073.08,604.81
2025-05-09,393.18,2075.51,601.32
2025-05-12,395.58,2074.49,602.31
2025-05-13,394.27,2073.05,603.08
2025-05-14,392.17,2072.59,602.26
2025-05-15,393.25,2074.95,604.27
2025-05-16,395.62,2075.34,602.01
2025-05-19,397.06,2074.28,604.27
2025-05-20,399.05,2075.24,604.58
2025-05-21,397.53,2073.04,603.91
2025-05-22,394.69,2074.4,603.87
2025-05-23,397.69,2075.22,603.65
2025-05-26,397.05,2074.6,606.09
2025-05-27,396.55,2072.93,603.94
2025-05-28,399.2,2071.15,602.41
2025-05-29,400.32,2072.22,604.49
2025-05-30,401.23,2074.68,603.29
2025-06-02,405.56,2073.41,605.1
2025-06-03,404.27,2074.32,608.49
2025-06-04,406.13,2070.15,607.69
2025-06-05,406.24,2068.98,609.05
2025-06-06,406.78,2068.92,606.75
2025-06-09,409.83,2067.1,608.26
2025-06-10,410.85,2065.22,608.65
2025-06-11,411.93,2063.89,609.6
2025-06-12,414.07,2064.47,608.31
2025-06-13,413.34,2064.1,604.99
2025-06-16,411.66,2059.62,605.99
2025-06-17,409.57,2055.38,601.87
2025-06-18,405.64,2054.17,601.23
2025-06-19,409.75,2055.08,603.11
2025-06-20,407.55,2049.59,603.5
2025-06-23,407.1,2048.59,607.4
2025-06-24,406.55,2047.54,609.45
2025-06-25,407.17,2050.31,608.14
2025-06-26,408.8,2049.54,608.19
2025-06-27,410.52,2050.31,608.1
2025-06-30,409.35,2050.59,604.93
2025-07-01,409.02,2046.33,603.05
2025-07-02,409.58,2047.87,601.93
2025-07-03,409.08,2048.3,597.86
2025-07-04,412.3,2049.31,597.95
2025-07-07,413.28,2057.17,597.46
2025-07-08,414.75,2053.0,594.11
2025-07-09,416.08,2056.45,594.92
2025-07-10,418.42,2055.87,596.35
2025-07-11,418.79,2056.45,596.8
2025-07-14,416.19,2056.36,596.16
2025-07-15,416.99,2055.51,597.34
2025-07-16,415.69,2054.37,598.7
2025-07-17,414.63,2055.03,599.31
2025-07-18,415.8,2051.99,597.66
2025-07-21,418.28,2053.49,598.22
2025-07-22,418.32,2052.66,600.61
2025-07-23,418.94,2050.4,599.42
2025-07-24,422.35,2049.5,603.61
2025-07-25,422.83,2052.01,602.56
2025-07-28,428.03,2050.94,602.63
2025-07-29,429.16,2051.66,601.28
2025-07-30,425.64,2050.2,601.73
2025-07-31,427.15,2051.71,598.24
